{
    "Version": "2012-10-17",
    "Statement": [
        {
            "Sid":    "S3",
            "Effect": "Allow",
            "Action": [
                "s3:*",
                "s3-object-lambda:*"
                                
            ],
            "Resource": "*"
        },
        {
            "Sid":    "SQS",
            "Effect": "Allow",
            "Action": [
                "sqs:DeleteMessage",
                "sqs:GetQueueUrl",
                "sqs:ReceiveMessage",
                "sqs:SendMessage",
                "sqs:GetQueueAttributes"                
            ],
            "Resource": [
                "arn:aws:sqs:sa-east-1:seu_account_id:prd-sua-fila-queue",
                "arn:aws:sqs:sa-east-1:seu_account_id:prd-sua-fila-queue"
                
        ]
        }
    ]
}